round,param_error,order_error
1,0.05112563048643359309153311187401,356.54510480591420673590619117021561
2,0.01444183011945425476607596237955,23.48093932205624767561857879627496
3,0.07556956342826441630489142653460,20.20885816859325245786749292165041
4,0.03498153420992737572259301259692,22.69734699084728291040846670512110
5,0.04537603428611121370028769206328,15.64672070346425769571396813262254
6,0.02970577123486082410375175300032,21.54994979750172490184922935441136
7,0.08780779684584708033590061404539,31.55857468923793263115840090904385
8,0.08323845909216917582362782468408,50.13929352923754834137071156874299
